"No","Name","DateOfBirth","Requestor","RequestDate","Phone","Notes","Address","Physician","DateOfService","Region","Status","RequestTypeId","OtherPhone","Email","RequestId",

"1","yash","","vatsal","","5325354","","","variya","","","1","4","5325354","yash","66",
"2","thor","","thor","","3254354353","","sqw","thor","","sqw","4","4","3254354353","thor","75",
"3","jdfd","","jdfd","","4543534543","","gtryfg","fdsfdsf","","gtryfg","6","3","4543534543","jdfd","76",
"4","jadeja","","jadeja","","343","","zzzzz","de","","zzzzz","9","3","343","jadeja","78",
"5","test","","test","","1511536","","","test","","","2","2","1511536","test","79",
"6","test","","test","","34244333","","","test","","","3","2","34244333","test","80",
"7","Tirth","1","Tirth","1","435435346","","efrg","Patel","1","efrg","10","2","435435346","Tirth","81",
"8","fdb","1","fdb","1","4665654646","","tyfrhr","sdfh","1","tyfrhr","10","2","4665654646","fdb","82",
"9","yash","23","ms","23","","","dfgdfg","variya","23","dfgdfg","1","3","","yash","65",
"10","f1","1","f1","1","6545656456","","Dhanmora","l1","1","Dhanmora","10","2","6545656456","f1","83",
"11","dfb","1","dfb","1","756473654","","ykjhk","fgb","1","ykjhk","3","2","756473654","dfb","84",
"12","Sakshi","","ms ","","77777777","","","Dhoni","","","2","1","77777777","Sakshi","85",
"13","pratham","","pratham","","253443466","","","kalsariya","","","3","1","253443466","pratham","86",
"14","pratik","","Pratik","","5463546546","","katargam","variya","","katargam","1","3","5463546546","pratik","87",
"15","ravi","","ravi","","52543234","","","patel","","","1","4","52543234","ravi","88",
"16","yash","1","yash","1","9157568171","","Katargam","variya","1","Katargam","2","2","9157568171","yash","89",
"17","Tirthpp","1","Tirthpp","1","","","","","1","","2","2","","Tirthpp","90",
"18","test","1","test","1","","","","","1","","1","2","","test","91",
"19","test","","test","","5325325325","","Rajpath","jyyt","","Rajpath","3","1","5325325325","test","95",
"20","test","","test","","5325325325","","1","jyyt","","1","1","1","5325325325","test","96",
"21","yash","","test","","","","4","reh","","4","1","2","","yash","104",
"22","test2","","test","","5325325325","","Rajpath","jyyt","","Rajpath","1","1","5325325325","test2","106",
"23","Ruturaj","","Ruturaj","","9157568171","","bjdfsf","Gayakwad","","bjdfsf","9","2","9157568171","Ruturaj","74",
"24","test","","test","","9157681874","","dfgdfgdf","test","","dfgdfgdf","3","3","9157681874","test","77",
"25","Tirth","1","Tirth","1","465165655545","","a","Patel","1","a","2","2","465165655545","Tirth","134",
"26","Tirth","1","Tirth","1","","","a","Patel","1","a","2","2","","Tirth","135",
"27","Tirth","1","Tirth","1","5646165163","","a","Patel","1","a","1","2","5646165163","Tirth","136",
"28","Tirth","1","Tirth","1","65156564","","a","test","1","a","2","2","65156564","Tirth","137",
"29","Tirth","1","Tirth","1","65156564","","a","test","1","a","1","2","65156564","Tirth","138",
"30","Tirth","1","Tirth","1","","","a","test","1","a","1","2","","Tirth","139",
"31","b","1","b","1","12322434324","","e","c","1","e","3","2","12322434324","b","140",
"32","b","1","b","1","2","","a","c","1","a","2","2","2","b","141",
"33","Mahendra","1","Mahendra","1","7777777","","a","Singh","1","a","1","2","7777777","Mahendra","142",
"34","Ravindra","1","Ravindra","1","123456","","a","Jadeja","1","a","1","2","123456","Ravindra","143",
"35","fdbv","6","fdbv","6","jkd","","jkf","jfdkv","6","jkf","1","1","jkd","fdbv","146",
"36","Yash","","Yash","","hfhyhhrthgrhgh","","","Variya","","","1","1","hfhyhhrthgrhgh","Yash","147",
"37","f1","","test","","","","katargam","l1","","katargam","10","2","","f1","105",
"38","Akshay","","Yash","","","","","Mathukiya","","","1","2","","Akshay","148",
"39","Yash","","Yash","","9157568171","","katargam","Variya","","katargam","4","2","9157568171","Yash","61",
"40","test","11","test","11","5325325325","","tyfrhr","jyyt","11","tyfrhr","2","2","5325325325","test","62",
"41","nhn","15","nhn","15","5444454435","","ghhh","ngthn ","15","ghhh","2","2","5444454435","nhn","63",
"42","hmjhnm","11","hmjhnm","11","6557677","","jhh","uyhjmj","11","jhh","10","2","6557677","hmjhnm","64",
"43","Suresh","5","Suresh","5","","","","Raina","5","","1","2","","Suresh","149",
"44","Dipak","20","Dipak","20","","","","","20","","1","2","","Dipak","150",
"45","Pathirana","13","Pathirana","13","","","","THeekshana","13","","1","2","","Pathirana","151",
"46","Shivam","3","Shivam","3","","","","Dubey","3","","1","2","","Shivam","152",
"47","Yash","","Yash","","","","","Variya","","","1","1","","Yash","153",
"48","dc","","","","","","","","","","1","3","","dc","155",
"49","dc","","","","","","","","","","1","3","","dc","154",
